Authors,Title,Journal,Year,Volume,Issue,Pages,DOI,SCI/Scopus,Impact_Factor
"Mondal, G., and Jain, S.K.",Design of Non-structural Elements for Buildings: A review of Codal Provisions,Indian Concrete Journal,2005,79.0,,174-182,DOI: 10.1016/j.engstruct.2007.03.015,Y,4.471
"Mondal, G., and Jain, S.K.",Proposed Draft for IS1893 on Design of Non-structural Elements,Indian Concrete Journal,2005,79.0,,1437-1446,,N,1.169
"Mondal, G., and Rai, D.C.",Need for Earthquake-Resistant Design of Harbour Structures in India in view of Their Performance during the 2004 Sumatra Earthquake,Current Science,2006,91.0,,1117–1145,DOI: 10.1193/1.4000074,Y,3.03
"Tang, A.,  Rai, D.C, Ames, D., Murty, C.V.R., Jain, S.K., Dash, S.R., Kaushik, H.B., Mondal, G., Murugesh, G., Plant G., McLaughlin, J., Yashinsky, M., Eskijian, M., and Surrampalli, R.",Lifeline Systems in the Andaman and Nicobar Islands (India) after the December 2004 Great Sumatra Earthquake and Indian Ocean Tsunami,Earthquake Spectra,2006,22.0,S3,99-111,DOI: 10.1080/19475705.2011.647336,Y,3.528
"Rai, D.C, Murty, C.V.R., Jain, S.K., Kaushik, H.B., Mondal, G., Dash, S.R., Tang, A., Yashinsky, M., and Eskijian, M.",The Effect of the December 2004 Great Sumatra Earthquake and Indian Ocean Tsunami on Transportation Systems in India’s Andaman and Nicobar Islands,Earthquake Spectra,2006,22.0,S3,42-55,DOI: 10.1016/j.soildyn.2011.08.002,Y,3.718
"Murty, C.V.R, Rai, D.C., Jain, S.K., Kaushik, H.B., Mondal, G., and Dash, S.R.",Performance of Structures in the Andaman and Nicobar Islands (India) during the December 2004 Great Sumatra Earthquake and Indian Ocean Tsunami,Earthquake Spectra,2006,22.0,S3,205-223,DOI: 10.1002/eqe.2338,Y,4.43
"Jain, S.K., Ingle, R.K., and Mondal, G. ",Proposed Codal Provisions for Design and Detailing of Beam-Column Joints in Seismic Regions,Indian Concrete Journal,2006,80.0,,1427-1449,DOI: 10.1193/042313EQS111M.,Y,3.03
"Mondal, G., and Jain, S.K.",Lateral Stiffness of Masonry Infilled RC Frames with Central Opening,Earthquake Spectra,2008,24.0,3,480–491,DOI: 10.1016/j.soildyn.2017.06.024,Y,3.718
"Mondal, G., and Rai, D.C.",Performance of Harbour Structures in Andaman Islands during 2004 Sumatra Earthquake,Engineering Structure,2008,30.0,1,04018083(1-18),DOI: 10.1061/(ASCE)CF.1943-5509.0001214,Y,2.372
"Rai, D.C, Mondal, G., Singhal, V., Parool, N., Pradhan, T., and Mitra, K. ","M6.9 Nepal-Sikkim Border Earthquake of September 18, 2011",Current Science,2012,102.0,10,04020048(1-12),DOI: 10.1061/(ASCE)ST.1943-541X.0002590,Y,3.312
"Mondal, G., Prashant, A., and Jain, S.K.",Significance of Interface Nonlinearity on Seismic Response of Well-Pier System in Cohesionless Soil,Earthquake Spectra,2012,28.0,3,04021053 (1-30),DOI: 10.1061/(ASCE)PS.1949-1204.0000590,Y,1.952
"Rai, D.C, Singhal, V., Mondal, G., Parool, N., Pradhan, T., and Mitra, K.","Reconnaissance Report of the M6.9 Sikkim (India-Nepal Border) Earthquake of September 18, 2011","Geomatics, Natural Hazards and Risk",2012,3.0,2,,DOI: 10.1115/1.4054686,Y,1.051
"Mondal, G., Prashant, A., and Jain, S.K.",Simplified Seismic Analysis of Soil-Well-Pier System for Bridges,Soil Dynamics and Earthquake Engineering,2012,32.0,1,121-135,DOI: 10.12989/eas.2022.22.2.121,Y,2.018
"Mondal, G., and Tesfamariam, S.",Effect of Vertical Irregularity and Thickness of Unreinforced Masonry Infill on the Robustness of RC Frame Buildings,Earthquake Engineering and Structural Dynamics,2014,43.0,2,2911-2926,DOI: 10.1080/13632469.2020.1778587,Y,3.994
"Tesfamariam, S., Goda, K., and Mondal, G. ",Seismic Vulnerability of RC Frame with Unreinforced Masonry Infill Due to Mainshock-Aftershock Earthquake Sequences,Earthquake Spectra,2015,31.0,3,,DOI: 10.1016/j.jobe.2023.107504,Y,5.318
"Chavan, D.S., Mondal, G., and Prashant, A.",Seismic Analysis of Nailed Soil Slope Considering Interface Effects,Soil Dynamics and Earthquake Engineering,2017,100.0,,,DOI: 10.1016/j.jcsr.2023.108099,Y,3.646
"Nair, G.S., Dash, S.R., and Mondal, G.",Review of Pipeline Performance during Earthquakes since 1906,"Journal of Performance of Constructed Facilities, ASCE,",2018,32.0,6,63-86,DOI: 10.12989/smm.2023.10.1.063,N,1.825
"Varma, T. V., Sarkar S., and Mondal, G.",Buckling Restrained Sizing and Shape Optimization of Truss Structures,"Journal of Structural Engineering, ASCE",2020,146.0,5,,DOI: 10.1016/j.istruc.2023.06.121,Y,2.983
"Nair, G.S., Dash, S.R., and Mondal, G. ",Statistical Analysis for the Seismic Risk Assessment of Pipelines in India,"Journal of Pipeline Systems - Engineering and Practice, ASCE",2021,12.0,4,4323–4362,DOI: 10.1080/13632469.2024.2376625,Y,
"Nair, G.S., Dash, S.R., and Mondal, G. ",Numerical Study of Horizontally Bent Buried Steel Pipelines Subjected to Oblique Faulting,ASME Journal of Pressure Vessel Technology,2022,144.0,5,,DOI: 10.1061/JPSEA2.PSENG-1480,Y,1.952
"Kumawat, S.R. Mondal, G. and Dash, S.R.,",Experimental assessment of post-earthquake retrofitted reinforced concrete frame partially infilled with fly-ash brick,Earthquakes and Structures,2022,22.0,2,,DOI: 10.1016/j.istruc.2024.107532,Y,
"Taori, P.,Dash, S.R., and Mondal, G.",Seismic Response of Post Tensioned Hybrid Shear Walls with External Energy Dissipating Reinforcement (EEDR),Journal of Earthquake Engineering,2022,26.0,6,,DOI: 10.1016/j.istruc.2024.107643,Y,
"Tiwari, S., Mondal, G. , Dash, S.R, and Roy, K.",Experimental investigation of unbonded Reinforced Concrete PT shear wall under lateral loading: A state-of-the-art review,Journal of Building Engineering,2023,78.0,1,,DOI: 10.1142/S0219455425300022,Y,
"Pandit, U.K. Mondal, G. and Punera, D.",Lateral torsional buckling analysis of corrugated steel web girders using homogenization approach,Journal of Construction Steel Research,2023,210.0,,,DOI: 10.1061/JMCEE7.MTENG-19481,,
"Jaiswal, D. K. , Mondal, G., Dash, S.R., and Mishra, M.",Damage detection technique in existing structures using vibration-based model updating,Structural Monitoring and Maintenance,2023,10.0,1,,DOI: 10.1007/s10518-026-02439-3,,
"Tiwari, S., Dash, S.R., Mondal, G., and Roy, K.",Analysis and Design of RC Unbonded PT Shear Wall in Isolation and Integrated in Building: A State-of-the-art Review,Structures,2023,56.0,,,https://doi.org/10.1002/esp4.70000,Y,
"Singha, B., and Mondal, G.",Effect of Partially Infill Walls on the Lateral Response of ReinforcedConcrete Frames,Journal of Earthquake Engineering,2024,28.0,15,,https://doi.org/10.1007/s11356-026-37674-3,Y,
"Nair, G.S., Dash, S.R., and Mondal, G. ",Response of Horizontally Bent Buried Pipelines Subjected to Strike-slip Faulting: A Numerical Investigation,"Journal of Pipeline Systems - Engineering and Practice, ASCE",2024,15.0,3,,https://doi.org/10.1016/j.probengmech.2026.103935,Y,3.5
"Singha, B., and Mondal, G.",Lateral stiffness of partially infilled reinforced concrete (RC) frames,Structures,2024,70.0,,,,,
"Pandit, U.K. Mondal, G. and Punera, D.","Investigating the static, free vibration, and buckling responses of corrugated steel plate-made structures using efficient homogenization-based FE modelling",Structures,2024,70.0,,,,,
"Pandit, U.K. Mondal, G. and Punera, D.",Recent Review and Comparative Assessment of Local Instability in Thin-Walled Corrugated Steel Web Girders,International Journal of Structural Stability and Dynamics,2025,25.0,16,,,,
"Priyadarshini, M., Mondal, G., and Dash, S.R,",Development of a non-conventional first-class fly ash brick and evaluation of its mechanical and durability properties,Journal of Materials in Civil Engineering,2025,37.0,8,,,,
"Singha, B.N., Mohanta, A., Mondal, G. and Dash, S.R.",Lateral Response of Special Ductile RC Frames Partially Infilled with Different Types of Brick Masonry: An Experimental Investigation,Bulletin of Earthquake Engineering,2026,,,,,,
"Singha, B., and Mondal, G.",Seismic Performance of Partially Infilled RC Frames: A Finite Element-Based Simplified Modeling Approach ,Earthquake Spectra,2026,42.0,,,,,
"Priyadarshini, M., Mondal, G. , and Dash, S.R, ",Influence of alkali activation and curing conditions on non-conventional fly ash bricks,Environmental Science and Pollution Research ,2026,,,,,,
"Pandit, U.K. Mondal, G. and Punera, D.",Reliability-based shear design and safety assessment of corrugated steel web girders,Probabilistic Engineering Mechanics,2026,84.0,April,,,,
